NHD_NAME,NHD_NUM,pop40,pop50,pop60,pop70,pop80,pop90,pop00,pop10,pop11,pop11_m,pop12,pop12_m,pop13,pop13_m,pop14,pop14_m,pop15,pop15_m,pop16,pop16_m,pop17,pop17_m
Franz Park,43,3308.9920443033734,3303.0341542045076,3436.117652588079,3246.257737521781,2531.5814509857987,2549.2185666493833,2281.0780643087855,1388.1900772700028,1353.188726470621,165.4826190800693,1316.8432581818959,104.95772283770526,1432.1014442653063,113.44662556593183,1345.3564126515466,103.25881401750009,1312.2657699239412,87.3807650194254,1268.6342343047534,98.75730853362309,1320.0615026991768,98.95158437777353
Tiffany,29,4281.833562113498,4418.348742388762,3685.6754352768826,2598.0543195517403,1343.3150250296985,1103.2776676075698,997.6891480980212,960.8925737725829,853.3820109548836,108.63803489333462,848.2755254467241,95.68674248774927,910.6571711627893,104.2984941955656,871.219059855401,86.27851500855202,899.5535247909446,79.67144474978133,932.0046843350535,98.75421330801474,964.0661090613297,95.69542483834125
Botanical Heights,28,6312.47149164395,5869.054823468087,5330.827685901019,4077.9967851239,3063.773405473673,2676.238701952205,2345.227161674279,1729.5454483133597,1590.693415455432,246.20332197156543,1562.2137654676176,212.22066640108605,1665.2952527515235,217.55557366333372,1641.52040273683,219.71361404160663,1678.0235410443672,216.4248215286193,1660.021355245007,239.13968505864517,1680.038535989296,247.25883887290527
Kings Oak,40,404.5313203446389,388.1847245708897,313.6416230868868,281.80120955647527,637.0334495892133,551.9392041513761,448.9812051310151,415.93780825551266,419.99371517317564,51.237966133386394,375.9547912694985,57.075030924466446,347.18853897167156,34.78479659876626,305.9937367274936,51.10789966228531,360.4171565511988,58.952792202832484,380.1805591741967,55.112284763975495,448.0888131549729,50.65294985343614
Cheltenham,41,2128.378899784744,2278.455597870975,2151.1536369413093,1287.172732776441,1250.3994729683225,1057.0585681759776,872.479647050451,816.2409274210894,824.20022319759,100.59644632094333,737.6572887098524,112.05849313305497,681.102529377342,68.23244868318456,600.2481106048981,100.30830550537961,707.0850213288602,115.7174560614182,745.8912570644427,108.18428827241243,879.4362438286547,99.41699655720164
Clayton-Tamm,42,3606.528685005009,4098.48210623321,3745.5521837262654,3916.8895543936,2294.735997678965,2101.6477390569403,1864.040492749191,1700.0694039083405,1807.9439056852534,161.0124634474706,1782.5502764933003,166.3284616711731,1768.72819579129,142.781425071849,1671.2468678046655,164.48960717919874,1648.2363181301127,169.25503199835254,1615.9194101368669,151.5476017221271,1698.1091530076908,139.95756913791166
Forest Park South East,39,8224.363042129953,7656.1154632719945,6589.139302217971,4573.03460314554,2722.730089273348,2613.4555697296096,2090.5903625646015,1883.9882945391516,1789.571000320756,318.2740829338616,1737.3085454470445,258.10706187181023,1813.506476469544,228.6112975209108,1809.8072884601163,252.3717434241333,1913.432373388858,240.03062095510273,2026.9719414527435,258.9653193394605,2115.845045364663,284.8980259890939
Hi-Pointe,44,3607.173047796806,4226.882498085593,3728.5018059217578,3637.8104339801116,2751.473577531823,2514.035133362239,2407.2986806839567,2153.043959047018,2333.9711188363162,180.14044912129336,2378.421828865539,177.23018362731835,2413.2388219401932,181.13923305799253,2324.885098367944,186.1136802949273,2174.0236810957945,178.4600673394425,2076.9574494223593,155.2249996286442,2083.8958481538157,143.88734226293002
Downtown West,36,17433.044953844288,19239.67443020162,7900.924359595411,5517.465684509115,3398.6590161163413,3189.7843974922494,2929.1846162583647,5582.376816563072,4483.362610190817,607.0036182500106,5255.078947218266,617.048818433076,5582.890242731791,609.2930236166742,5785.7115665685615,677.2110598242849,5957.416203838689,626.0230091027378,6132.198593649941,637.8603697147535,6301.476017705885,730.1393366308652
Midtown,37,19733.317034128144,22278.142338351543,8766.128946844821,6698.730927496966,6663.807958567728,5243.673368264693,4214.024593786302,4940.146867208207,4799.772706059436,848.4723531600606,5016.51493014605,858.9397894960215,5041.075509799624,841.5440945245346,4957.230402747284,858.8832687325341,5169.169499113438,769.4374756980643,5058.433068809299,741.6377159794987,5187.892697293622,806.5760729171101
Columbus Square,62,4620.907538939278,5044.814373023738,4234.339144144114,2561.653441084655,1098.7548845934175,1383.9076316225776,958.0691461468414,1207.2941930007926,1038.3644739813362,137.7917733838049,1091.1172444941146,168.80117171128052,1266.320732466951,171.0407126459105,1288.0835039087092,187.5435431726346,1342.6616868762558,170.12412998132064,1343.410827461028,134.88223348929458,1377.4381799428627,147.10132843909676
Carr Square,61,14076.553210512728,16202.905624237183,17825.05553998264,9807.716147489911,2997.068156870957,2327.6864853235375,1749.8012177045969,1944.794681210121,1728.2289813488965,236.71680491805304,1838.5256895559735,270.98452476048374,2057.290055538438,274.167792033842,2111.706993422508,323.9014868080132,2180.8009105209226,263.43276103778044,2160.731519934673,232.2974835799648,2114.803073391503,257.42692477720533
Wydown Skinker,45,1477.9785787072335,1555.7230102650253,1327.9807793222653,1351.0970559106968,1117.0864103777685,916.2898244661304,906.3733550792621,940.8764059492379,913.6639871406657,85.00773997340652,973.0640833392331,82.34809737187379,973.1570182872297,108.63308448638948,934.5994412386729,110.54156644187472,946.4612771443855,91.66964299618436,960.3799781126626,91.60353229161538,848.181121158165,65.41604393710736
Covenant Blu-Grand Center,77,14875.432943992622,16788.289940543953,12297.969793522343,9045.219443933862,5678.783280171587,4432.111352095046,3322.7590863840924,4144.374155483194,3475.050286631735,566.1150027668101,3715.08913434365,563.2938950002336,3484.736155096122,522.0742765028941,3641.4318226344335,515.5531532085176,3608.42515670356,479.0156241618665,3482.126265915081,406.39598547066873,3544.7956311672788,457.97478770450726
Central West End,38,36900.923556836664,41869.333278028,32987.0721216761,25896.60068569813,17629.68217108938,17087.44263782564,16077.192919919653,16474.853127048493,15850.005070217409,1849.091912886042,16017.156825251464,1709.085218878531,16266.740897490043,1888.2253490669336,16149.557839463347,1943.1783273130811,16693.25764865131,1709.3061843463877,16937.401830519426,1659.6160972413552,16855.792462841466,1748.101965421851
Old North St. Louis,63,8073.460267811282,8037.047726743725,5740.481031690192,3715.711460300767,1460.310564647864,1244.793629396671,948.3364473967329,1123.8927843886183,981.6224355218385,127.91997402979109,1024.6986300419085,164.68020388356769,1166.419659336526,197.6118320082151,1089.3018972909083,169.1298051434891,1108.8238584729165,147.8524422238988,1147.7841249534174,142.77011637993922,1063.2032937173135,125.04600199116327
Vandeventer,58,14228.982893653612,14929.313003037587,13006.628944399472,9912.258415284394,5035.183801861215,3584.9231535992767,2318.441923495089,1887.5532642902167,1897.5199452876816,350.2970929271753,2111.8011704045134,378.51454085246536,1982.5504540477,350.454147440246,2039.327984206866,373.09898389896796,1978.9645589832294,352.3048085623278,2039.3060435206455,360.621071467348,2140.0032393240554,356.8086548227374
St. Louis Place,60,22096.362722470425,22080.22294366058,18213.61212742116,12069.398149345529,4533.282391654845,3524.34167052094,2521.589644380304,2310.367851211559,2235.5839526944496,311.705054046554,2250.7009339614956,318.7454494644834,2248.4288981303716,329.26133864620004,2347.7634129298976,315.6320500198462,2190.426012724767,287.94814891488227,2212.845959028552,317.61345165478315,1997.2000931525968,297.17690776587426
Visitation Park,49,3249.2992434117846,3649.3356661105313,3728.3289498731006,2657.7670496408464,2060.629679065308,1469.3017315228344,1023.3277819214153,924.8417355632855,848.1190291429964,158.46226471784342,852.5475951308662,150.4734254237384,923.6407643990151,139.3827122725201,926.5265330457154,130.6432235394361,949.8020074138229,124.94041911174273,900.8054700443047,139.37771176969488,874.0089499359073,148.52609696639277
Lewis Place,54,9167.358432143852,9732.010479394514,8108.442966008157,6485.178619680978,4004.3608862694678,3190.2718921785445,2210.2390732843915,1760.8952133523537,1840.5730822156681,330.1851185669987,1935.1633762390338,357.1394088531332,1770.5041284695385,320.9923060167619,1778.646671771786,313.56779993971037,1530.5394998120626,298.26293744726354,1426.0732963042592,271.0463077827106,1440.473621538503,311.28379121355715
Fountain Park,53,6503.745988660833,6952.804232927024,5734.557037677815,4696.637932245771,3186.348042612284,2610.400760600742,2009.1166648648075,1655.2496983592837,1734.7841300151263,318.9571710629549,1773.5023963383462,342.824998144222,1699.337288993386,317.92540950846677,1733.8107537364199,297.13907661866983,1433.7283078572652,274.55737901044847,1324.4276478560128,255.23779469092676,1348.0383594490622,291.5210301847315
Jeff Vanderlou,59,36110.51706589838,40041.98026906144,34744.47167591915,24917.552049310005,13718.489168937309,10697.923020901882,7313.848025554758,6496.865560890661,5747.068883032099,1191.57009656084,5811.981056737815,1183.3255959144415,5675.415560733472,1167.9207053777318,6200.866339506542,1042.0947878360414,5776.889703354549,870.3500358493104,5581.357869554711,811.0633429110983,5501.685870899278,989.3459312381887
The Ville,57,11593.636848228938,11870.47852349251,10314.22385081887,7666.834588365621,4494.188367882008,3479.854119301754,2487.3677428890683,1775.8173070388566,1860.238522275582,372.8736376164626,1772.1068966110781,367.4822216968535,1503.3506860189832,290.42247362672555,1434.440371264553,269.1936932520978,1536.286183116109,263.93542468745966,1532.197183602883,258.4893678519165,1470.3156995064883,266.9783585284517
Academy,51,11678.025724322488,12622.960141065758,11773.42232957639,9451.708367914329,6338.761304165101,4590.169205839581,3366.602098929266,2613.8638113759425,2667.317163761223,534.86725296131,2900.6288728850486,599.1460623840276,2950.5474521982414,525.8172364953713,2733.5993222797865,445.11342919906684,2645.6165371129787,382.46342496098555,2623.2457919939857,442.45660408078976,2372.649860699454,395.36877989122274
Hyde Park,65,9158.08394210152,8893.859687236602,6979.938832180996,5368.521878197038,3274.351546439098,2917.8963681471882,2125.340345264058,1601.4576693431923,1833.0751727065317,444.2876502691447,1811.5386249633377,458.0039245442337,1825.0473618805408,408.2703739723368,1881.49781620784,405.26713989941123,1600.5267080251624,271.16907381734393,1720.3701831617195,300.2887146220921,1651.4130530883108,307.36978297134124
West End,48,21045.568240144843,22955.44613416978,22470.895531393828,17665.996636864063,12006.307440724537,9409.43866982493,7061.688318134791,7026.910319341934,6735.622879941648,983.8095285291963,6955.947928279472,882.8079078316497,7186.980443465424,976.0709281239779,7271.38105089974,978.9811902446241,7146.276438499426,964.1461184572269,7153.626641205655,973.9548910645196,7361.457738281053,1007.3817302424441
Greater Ville,56,22395.45508471002,22459.36894382893,21633.163650483984,19012.887022914478,12808.359582746307,10151.816281461719,7228.345056700716,5660.14290116514,5897.8591362970365,993.038312442004,5828.647763361799,1126.9984717216041,5428.64257124005,1006.366701493832,5050.9485861237945,879.4934219414346,4844.210377439057,874.6147169606511,4834.121423883932,809.462871825682,4759.726649719393,817.7414549399164
Fairground Neighborhood,67,7229.859109453093,7247.879120241245,6355.348463543197,6595.415552708203,4361.376492789966,3167.903158886352,2180.9412015154753,1661.6684763577919,1651.6802984968376,391.43559490605907,1607.3862030526975,375.7864044513565,1687.5300603393891,322.9463431809285,1607.5136833481436,277.4581223125073,1103.5866359866966,169.52851946293208,1138.2578172611597,190.5113145073041,1163.0048018254954,184.9593480726866
Hamilton Heights,78,14172.62975802979,13380.892007636627,13661.970687011362,12518.20702006473,7412.203466934467,5376.694529553352,3849.223637372999,3064.924279697969,2828.098745928435,555.1652828403694,2586.0660445707395,506.6356636176889,2712.7952052630512,483.11941439358276,2445.9557131002307,380.10914784324746,2336.039785988452,336.6495571092916,2462.9792256242567,314.24544071117435,2432.041688765101,393.83783840656895
Kingsway East,55,8239.820423980165,8763.344090088509,8393.223358221536,7705.997472450318,5930.951457530755,5069.677599523511,4338.301656227477,3561.146580536354,3565.0723729315223,434.43989569173056,3424.7322277352864,636.9147406163223,3155.2056504384195,529.9795681883933,3149.4512951462675,547.220105478185,3004.0786613363625,563.8730787999867,3159.4006980126132,577.0392685423632,3207.2612948302954,435.37162080576627
Kingsway West,52,7823.3663904785435,7744.604671237926,7367.827894479717,6889.932605563943,4938.528121563206,4197.635385520623,3287.0861925865033,2839.146641725737,2810.5976142365207,437.99734746429965,2676.977201479572,380.25025809791384,2663.023050047626,366.935860639527,2790.2733570565306,386.84567271627355,2652.7780463849554,366.9098891462169,2379.4724606623186,386.4366043782488,2434.2566521468816,441.15939705268966
Patch,2,6922.290220037441,6532.856200760591,5705.138168785743,4739.164086159106,4746.278167624518,4257.087050866632,3762.435093436996,3525.6742672293594,3601.9009729135464,408.2236590606546,3681.2883691400516,475.1563486609869,3708.991510491086,485.27175831039347,3954.1764494719173,516.6490637411299,4095.7466705703173,588.6354086903186,3991.835371192088,614.7938401576463,3902.450080047639,580.2526046039137
Carondelet,1,16061.652827730373,16315.67873463206,14998.02256026865,12930.37136383143,9958.467719915689,9026.359529767778,8433.649007965987,7976.171928127307,8081.747315303967,1025.914147015356,8157.717394818268,1072.9781820374963,8011.806318076531,1052.561099207881,8280.933833144289,1034.3592990985414,8778.67158895169,1037.8542157354532,8482.369946261862,1083.4613638583035,8485.137680116439,1090.1809291203456
Holly Hills,3,5083.638112986352,5237.4006680836155,4831.9504202470525,4781.973894302648,4054.80043718506,3543.7237502087623,3584.1886420828077,3552.68453324009,3660.098549242558,255.61077053954733,3443.523137371386,234.93822796404564,3474.441699249657,245.9518403489303,3408.795012169935,244.07176065844794,3362.2915063511373,314.190596741858,3339.796428869341,331.8235727835688,3394.904091307482,297.17715737571757
Boulevard Heights,4,5805.763850180852,5901.858005586889,12226.672044680547,12850.99666023466,10601.30613955737,9669.163164295069,8986.250595441714,8669.405171849025,8487.158470518314,773.6180827127821,8808.496807012605,891.8839284960281,8688.763084285523,810.5302675729667,9004.500887934832,819.7003046754696,9042.303731955006,854.2057396872971,9145.838039303055,773.3823483257688,9323.760938190708,771.1423444132663
Mount Pleasant,17,6946.403329715727,7008.797532112904,6661.039848944014,5253.810309344108,5041.531049984129,5005.608525892375,4637.052111904634,4333.926762313233,4434.293699061483,606.9382744817765,4927.339050488156,585.9352414799811,4293.621073650266,575.7248025709413,4176.951942223383,532.9758378747333,3959.267780300453,481.09392078010205,3955.6903399935054,505.85492079454997,3606.462365430569,515.4480676668942
Princeton Heights,6,7730.390858972023,8601.74473902579,9580.05745177929,9071.383075271506,7724.240596814148,6990.12473488687,7201.3598424177935,6905.420053797185,7005.226560698673,563.7235154973188,7130.762929805953,474.03604398179345,7303.422118497019,544.9285394966203,7307.520052069477,554.2917780360079,7213.5873602000665,551.0787992148197,6937.457259988076,547.990720467214,6777.2754141698715,500.3268444339166
St. Louis Hills,8,8588.398265681008,11396.023199343952,12665.529637903754,11960.416059114079,10265.860726183451,9440.182706227672,9567.993049955783,8166.5623261321,8339.56474033664,569.812965633795,8324.31642116631,507.90417956024766,8518.65737688354,578.5417479115807,8337.162909750323,601.8771465143893,8233.080420582437,547.5718673292673,8153.776032193454,605.9143707194893,8141.344206644414,634.4393258773603
Dutchtown,16,24522.100489963206,25006.46236800429,23058.080509856572,21637.66499011167,18460.13573105439,16567.87436906508,16571.933136576044,15340.180167324168,16054.947992858823,2093.5470487202506,15260.04606540856,2075.669215106493,15982.141515729683,2253.866281163205,16560.939850579914,2273.6323755017047,16812.852447931225,2048.7909559270565,16333.098826349238,2226.9168059358058,16783.739621075758,2468.646124842676
Bevo Mill,5,15221.624372448232,14947.59802691613,14087.660874502211,14109.817213642727,12047.049890580314,11431.317839645055,11904.990280367569,11372.725792960728,11290.934392584548,1050.071336535281,11079.678761154768,1019.1008908633755,11143.53315159172,1060.5853075503321,11424.505002106853,1163.60790939767,11510.132657357124,1201.734875482312,11511.71430051201,1152.1183526059708,11844.970623533314,1131.6463519393687
Southampton,7,9622.41730371173,10320.034787520539,9937.817422267186,9557.59483741598,8136.867986331806,7431.374595717194,7725.177021930059,7252.5611066449,7337.13233671347,671.5484230293898,7170.457999980403,682.3569563355102,7334.4747529225515,604.0125801509241,7091.621962848325,589.7693987202433,7075.707391067902,549.5888148904185,6952.903300784633,461.2469230296046,6745.859961366286,467.5881804194231
Marine Villa,18,8738.867322238922,9018.922170519703,7754.9893482141415,5981.682707772396,3868.984270741687,3477.769252248758,2987.786536901288,2739.038989928633,2791.3539838962874,384.38456591847233,2657.6113463153783,381.79204595748627,2704.753415096747,416.6456236620447,2789.8995019764984,343.32826571238485,2775.1035534401444,296.20386728143745,2712.6632950890066,343.2034668439489,2798.3825531872603,355.7280518250055
Gravois Park,19,10673.126408722253,10282.654477519727,9244.87100763206,7819.916167807781,6498.3697418697,6098.43386183693,5762.806425449097,5246.7882771964105,5747.600820087006,759.0555964256992,5341.732556654073,681.2122580557531,5580.940954194317,719.0920750042033,5927.1600042806085,786.1475993792488,5661.524613594647,725.3098706664625,5756.554827543937,720.1437112664715,5216.738017233959,824.7824698865868
North Hampton,14,7937.630021196939,10617.492457536906,11994.66360700195,10158.385185777901,8429.940467666256,7690.75840287153,7641.258710833745,7676.355826459351,7514.303145975427,772.2244424318374,7735.890157121034,759.2391286931669,7635.162782870567,837.350184365898,7650.394961780785,815.5422562863146,7820.108509359646,746.8796224532006,7772.0539937831245,708.9124304348778,7560.646568053646,732.6112151408945
Benton Park West,30,10212.814023515728,9859.43779523839,8931.894268249112,7392.035047061706,5905.090126634824,5718.057231286773,5451.944066071256,4398.768051386023,4757.397719892662,624.5945281608532,4760.689337798819,651.2499818345633,4698.834589457559,635.9809818820638,4579.612931507951,593.2929229399866,4664.475803782883,663.123305727198,4839.17637104669,665.2070369311589,4820.537097395036,624.8922226202556
Tower Grove South,15,22318.30623534743,23106.428988509993,21483.0053836546,20034.372191657814,16746.8557401061,15314.577095338183,15514.474258275488,14098.73264508747,14461.561205957483,2031.868744485513,14581.628051711157,1875.430117777278,14342.748347843388,1730.9471225319828,14456.067797212783,1793.9778605332408,14433.348967120894,1581.9022266896875,14339.087471908451,1587.151444133282,14325.160942863025,1579.5301044808698
Lindenwood Park,9,9861.241408947182,13493.563249139765,14703.079647957537,13437.369467786362,11299.11977635257,10511.222639284662,10392.855792730077,9576.873959789738,9722.726070894305,886.7351737367602,9381.61667859319,763.5598691942338,9304.748291765352,817.0928814958054,9356.186570986001,794.4817069887523,9496.42625490235,732.6429515700611,9466.941238399173,771.1245821814656,9395.342056639205,741.2474947082882
Benton Park,22,12101.941306501214,12395.062308329188,11030.863692283727,7894.717920587588,5237.06746367284,4628.708455624562,3965.003635373598,3318.538354683267,3270.3130182321984,456.1876377726153,3310.036479781881,432.84431862056675,3197.4582454575852,448.83927936217134,3328.7247758249414,278.6248184207239,3360.9525788632463,285.3928922617153,3513.560104929153,300.1564780387054,3392.1754117943806,308.57749212041074
Tower Grove East,25,11392.333451845963,11064.201779263187,10161.522628304945,9047.627704712564,7349.328907229102,7105.392988676231,6656.82710923808,5507.040960982915,6123.944535381271,758.5789599010301,5827.399885795492,686.1282019142794,6001.132492241852,718.9571560985368,6216.653838290452,701.5488106524444,6088.076122594366,710.510255002448,6414.681095842797,799.7861307241469,6265.515814648181,711.8894934628928
McKinley Heights,23,5975.597590684286,6235.304347511378,5250.95103263877,3060.026831469156,1856.029817522537,1720.2816637594362,1522.1667885321915,1381.8448631630283,1322.5856027492507,145.7648294795903,1377.5301826587533,141.12132457166058,1395.740432698725,135.17623716684665,1430.1388705600598,106.92723726744192,1461.4300884992372,128.06911827043,1544.9725738809861,124.77831616443434,1571.340266149339,132.7218011525379
Soulard,21,16508.764258787676,17170.118366418545,12305.855353410232,6316.345874651993,3367.399286951428,3688.10476463763,3412.6372757859017,2078.165438058119,2021.8813013714448,227.39897949437545,2099.724078315172,210.18416270231216,2112.337795456088,220.8545238245886,2135.6405257276037,183.48099042933376,2134.8810018676895,188.7522785964018,2097.621382895429,185.44544984273503,2099.545475694639,210.1229656850582
Fox Park,24,8672.125204898788,8953.040141897573,7829.320425596312,5687.572272660142,3185.625449505179,3175.458960013324,2881.7563736390093,2411.411131690871,2600.0079043505275,280.8958977120908,2619.8303828260973,294.1885532223272,2595.86874336258,347.07317541347965,2576.8698094138144,320.9346487860946,2619.2574627755566,331.9056301087852,2643.2276209233955,327.8492489591609,2473.314220434499,307.3596875430577
Compton Heights,26,5622.544525312274,5822.231757022708,5339.398324534631,4550.686996924238,3131.859894659761,2869.0794775848285,2672.5536515152326,2049.8049442440833,2161.3752551924586,265.88113100178094,2117.285440420448,232.6300241059397,2124.9945267094454,184.9948389826135,2017.9159754104223,176.51955952228775,2039.0294911769215,203.56321202289348,2173.3539881620395,231.95928246699802,2201.6224103503782,230.87324751901303
Kosciusko,20,14511.731872977332,13323.119246658336,7478.796002510493,2673.4198625462623,2163.0873204918444,1752.1087890978602,1371.950893369853,2942.3210398905117,2838.3551346272375,299.99453476882434,2968.998081110034,286.9615043386183,2998.7636380132185,313.86732752491196,2994.774770561352,283.0913438296216,2944.025333449963,263.1899306652139,2806.1013020877176,268.51329469883683,2794.3148985687517,308.65881711012486
Shaw,27,15637.428006668884,16064.47054783474,14783.766158759045,12145.792687677107,8961.124474964543,8048.029968822059,7468.977154843659,5925.163450850351,6063.246481853141,602.0849112761159,6032.438281331177,662.7716014418428,6203.972750217985,632.99715148173,6011.676143811397,616.5184800571835,6096.112025160819,651.6012234641115,5874.263078696778,719.4783299767636,5842.080219349731,643.2401199321015
Southwest Garden,13,11192.004095978054,11412.574529501473,11403.828933044028,8451.441558426419,6331.725715668421,5716.286509666902,5085.327245120665,4637.434092851399,4591.3861988672015,570.8531156589414,4439.788334445362,409.61775110535746,4337.286756909125,472.8780600027727,4692.08077653355,597.8060326203966,4857.460600319514,602.2107319594106,4946.618777738005,650.3668256442456,4968.575910585527,656.0607005181956
Clifton Heights,11,3837.9103333648773,4031.9732008986152,4052.949731233206,3513.1721467036996,2896.8304596826833,2664.8944469454254,2641.392484034108,2315.1312130301803,2256.902428090782,254.20590939826303,2291.0815636590464,235.73270652506767,2281.9176694204343,215.8191545423001,2202.0807168039405,194.9560957821078,2276.3128530836684,224.3553617586793,2297.9500324144465,254.12350207240792,2210.9875338435354,222.76657835066123
LaSalle Park,34,6475.968147268505,7165.471786873802,5001.628419516734,3442.903580204549,2110.3643729450555,1559.779214060113,1369.7077269778597,718.2503147913366,678.9731514772552,69.98082046842678,736.8357235516503,82.2902218867134,745.4836962437431,88.00183017609756,780.7905218646376,76.20012535729099,781.440083473948,71.67979150313627,804.0112646242582,84.85536794211677,766.4857422065606,86.14416496379363
Peabody Darst Webbe,33,5315.5285014331475,6132.147851200467,4573.179968910837,3024.741164150759,2036.7880885727973,1380.16788225982,1140.5832641007537,914.5324976506288,854.7681005933193,81.2969530311776,896.1291539846757,101.37967259467857,924.0325784725213,95.83348338906609,942.2005182098312,86.75637015182022,953.2718704275621,87.47195580413035,1024.9199576815508,100.13575872281632,1044.5175436784561,100.4160354610636
Lafayette Square,32,8614.052879112116,9801.835005116985,6902.41716842534,3919.360404174516,2437.3773844221273,2109.6846265619756,1805.0093119180433,1596.6935426844261,1491.0417757488553,139.57928920468203,1551.5437179174264,172.15926699596542,1604.0707890100514,159.83044266774252,1620.2275330338875,147.09043262495973,1638.6287600146757,150.239185768325,1764.9904576842891,168.26574578750234,1822.2383243133343,169.94891484113018
Ellendale,10,3747.958737210299,4400.864027132571,4656.1116325226185,4116.236310807012,3066.4199748649403,2463.879041753022,2146.3607432682957,2882.173604401612,2814.9950831258548,340.0890539270797,2735.768056886468,227.62648947901096,2949.183719312831,233.52433020710788,2788.265939160662,219.67175613685865,2759.743241094271,194.78392778718978,2665.2939598969356,219.33607311964585,2749.86866647807,224.70861988163264
The Hill,12,6658.309182547365,6352.932893217854,6285.266117809138,5218.947087990746,4055.0309498429874,3574.6013359476824,3391.203904307744,3012.757022428355,2770.6247508931874,280.4017697201395,2812.9599010176216,273.3506558764909,2893.141383216267,248.31461479320362,2849.22784648486,245.31245565792503,2946.7492903083153,247.08193229763515,2871.2164322265576,274.54981624389933,3067.2300055026935,283.1249833715573
The Gate District,31,14992.035836269139,15765.13033250785,12400.937048242593,8893.35400255559,4698.325797951551,4171.366692262393,3834.9045230366564,3376.564898570421,3220.0161750300963,377.2780876932133,3252.0661518841694,367.65742089728667,3375.3822541989707,414.56590108261724,3323.9823362673023,358.99767516841695,3402.8557133017534,344.98593162392916,3501.101519794789,391.9776814548282,3452.123177042011,375.4251669180246
College Hill,66,4692.632950064614,4299.014864173268,3573.4513549787202,3067.5198301889523,2239.4006704173353,1838.7533336538656,1190.611454371007,724.5495761241931,751.2269936484363,128.21824314825548,829.0300296899271,137.97878760901278,803.8042097045517,124.04995734379173,679.7108353087621,126.69303973981654,652.4333199997753,104.05150041108394,724.6522123243016,126.34893149556933,671.8039267929364,122.0096617648972
O'Fallon,68,12130.55073120101,11455.315343810102,11072.685027039917,12059.185630520136,7513.47404709637,6148.2444436347905,5000.361202064674,3879.242919987673,4418.13817870338,668.031083157716,4192.462961224507,606.0826603379944,3789.3487452547524,569.2580217055917,3686.6724884716514,626.8030541865986,3439.3203387870763,640.7894835354793,3071.247812054915,541.6728417822675,3222.4423975865575,592.437127690425
Penrose,69,12946.075028290277,12723.283759045376,12281.84948389483,12770.065233290512,9851.51015662466,8177.191820629279,7071.906192068873,3545.223172581967,3847.153301733469,563.9865819650049,3626.704154581024,549.31979484941985,3699.5683552433334,575.0700174518329,3499.5510477870666,508.83117848342886,3372.4952335306343,505.23787845611326,3229.242871275159,456.34053827566237,3233.0231337508026,442.0692603537822
Near North Riverfront,64,23884.497549038853,23642.223713203788,16622.04195448898,12772.215151083656,9855.498452591337,8673.000538089827,6002.87626514546,4918.816571913807,5137.722914489973,912.0029898648713,5301.670470055008,984.5429519453116,5286.648644286544,878.8225564350015,4913.275356967832,867.4118577093151,4741.3641296470505,700.3380387592557,4993.576492577845,707.9529667383216,4723.169411890109,695.587064488607
Wells Goodfellow,50,22370.92587689458,22334.76491042106,21588.107252928872,22263.611235793782,14310.882766809906,11681.160410524199,8741.368437279574,6467.5392959911305,6287.457541900125,1207.0998366666788,6199.143515017692,1176.9484327515831,5615.17990856026,1058.7939932906404,5899.809872163334,1029.335627382735,5871.819524971798,920.9495718949204,5160.595432434839,1006.7932354344302,5171.920957172436,968.0550581486026
Mark Twain,71,9331.086076815349,9315.491339314545,7719.6666728150185,8625.656981596603,8441.4018364309,7043.82151603316,5164.685073811415,4391.634554745768,4839.732811110248,959.9229860631311,4707.909616321666,815.448859359871,4495.057120492137,715.2805246559191,4085.395102436592,695.4279494896791,4079.34190141862,539.2028382939412,3719.069592035415,511.13524337803625,3470.8684079948607,589.5680922946837
Mark Twain I-70 Industrial,70,2374.785735022257,1994.401055037671,1755.1712909426215,1402.1712984357648,1257.1765992413837,2004.5111036226474,1654.5299085590702,3760.999407852529,4122.149757464399,521.8477528853473,3624.901490908658,481.94839288611826,3860.826992375038,605.0785399110343,3518.1434005815804,458.80240762270773,3442.6456171721366,616.0602639356907,3158.192665273416,527.1151129697275,3350.9165512324225,529.6129698991147
Walnut Park East,72,8818.124915362709,9267.03585978963,8213.385999897704,8396.984819209812,8839.771226123292,7021.2099101904005,5286.193467507924,4121.2602052680095,3335.8573315523386,621.2875457556099,3633.594324692564,571.3624435038241,3646.421989556759,671.3966550785319,3923.693003583729,681.6368478866165,4115.560580068029,636.7605157246394,4246.1733801045375,740.1510809521463,3693.505231678336,577.3945411400134
Walnut Park West,76,4066.469166141642,4752.1645524804835,4876.328221664749,4720.293920469875,6323.815638314673,4978.93185645722,4218.343317023756,3507.085945515959,3772.705930452461,640.7496410703692,3506.1199033843104,537.7065212284871,3456.332465677622,406.47772382022737,3449.000250322541,370.6526788794001,3288.7935985070208,347.461253261525,3216.942950873044,338.56003341154224,3501.2894582502277,303.5576313392948
North Pointe,73,4047.940938246559,5008.213502744388,5144.92267783742,4814.596599014329,5684.000113400345,4999.84888226364,4586.122660351059,4016.162227903436,4002.270430165635,526.6720400721481,3760.211298733996,566.4217946167541,3738.423320113543,525.0895106992031,3705.561683605639,504.77685961345077,3735.392330366269,487.4597111113388,3689.261225204757,454.44090377443734,3857.5952838164094,465.8102453891343
North Riverfront,79,3803.42035189681,3564.8743644473097,3115.188805860503,3293.993833267997,4744.0435975578885,4312.140050503377,4245.0556886996565,3334.05078660647,4134.7106381180565,554.9081219804245,3858.6020602889166,426.48948696598296,3456.2971888346237,397.1451340911184,3456.018559385458,449.33715228548084,3054.4985650918875,483.36050040535076,2871.3411157247156,400.0341118116601,2829.5133129803603,392.56924581591795
Baden,74,5687.209045703296,7709.566389435896,7888.09464809662,7083.402282448453,7160.1108613876695,6908.749773775411,6868.525438061473,6049.873955424504,5956.446009253428,746.6823648795663,5717.258006408847,829.6197358365152,5648.050022762757,814.9009392426542,5298.441450811313,774.0975586862792,5465.6280213507,720.1468693858739,5516.136001801968,749.3224747328206,5633.596388002513,793.8943310839979
Riverview,75,691.2880176735424,750.7834386514176,824.10213383222,790.3755340490509,988.3360110372374,783.3436853369419,770.5720641508252,904.252193490289,1068.2623079371106,113.12304768765154,930.6109618835281,112.39085967672821,827.738546348803,78.34411716879427,840.5518365399608,93.72006539818379,751.224899207317,99.94366349103193,724.1339428031545,99.21147548010862,668.4876539729828,79.80849319064089
DeBaliviere Place,47,4978.278138248924,5243.243821834358,4581.57873172738,4337.204666447319,2417.438797504193,2790.2295468789557,2500.2069760056293,2460.885427441745,2448.858480921908,209.41615548728458,2479.0057682713978,228.99194141382318,2541.68552118282,266.3754995434415,2373.84115381148,269.2102582360428,2574.6037690668213,285.02943188477906,2640.7245149870273,259.42266575019863,2487.1130126278185,271.4720858436219
Skinker DeBaliviere,46,8990.673376518725,8920.691818509944,7725.99482276136,8136.861345132245,4859.980221480185,4752.421635113723,4368.677559602703,4203.502950103335,3942.816695684594,366.16635217762774,4314.467356728523,378.00401887975653,4487.103079124562,461.08714906994766,4512.644177173396,443.5894543906449,4476.683278299668,414.2522563063101,4542.059715438183,409.7105936588599,4285.842373049028,399.0587518606213
Downtown,35,5972.54107504302,5498.511000585869,3134.5487400992315,2148.056392493362,1136.3584142910556,1327.1739016249016,1291.8621298376456,4861.854745982894,3536.9002061956503,413.74623837183384,4362.898545660616,486.76166975869495,4851.257159793368,500.9134819311817,4747.105877939643,546.0894569689153,5063.536027025315,542.9480236799973,5474.2746701819915,647.3706053911967,5584.603359667933,733.085244699538
