NHD_NAME,NHD_NUM,white40,nonwhite40,white50,black50,white60,black60,white70,black70,white80,black80,white90,black90,white00,black00,white10,black10,white11,black11,white12,black12,white13,black13,white14,black14,white15,black15,white16,black16,white17,black17
Franz Park,43,3306.505366998641,2.486677304732532,3298.6386968677743,1.469012590253926,3426.582822516837,0.02171331380297497,3025.6976561482643,24.828458608963576,2484.7800483559326,20.470637682820026,2347.729437596011,152.23723326159202,1918.9051983276997,267.2129543663864,1157.8235371333171,132.43813015419036,1064.6888574551017,188.5403243731548,1077.7902073767675,134.6590099840994,1107.818678279049,169.10847292206947,1123.8239938160614,114.40279065599718,1138.1686915644189,72.96512658076708,1096.7394895483876,77.7650975468689,1152.9678396076013,74.14035440355728
Tiffany,29,3214.0085809254556,1067.824981188043,3012.8965401927167,1399.9036824235548,2406.451300515054,1262.9063322000254,981.7459467041984,1542.880945970511,336.8389001573466,990.4233344204458,301.4887868323989,764.9086462267494,238.9613351320296,721.554257832267,265.7217696656723,642.5849102673485,244.91355344901922,561.4262014536813,302.0673035704556,515.9365599167195,322.7738289172843,557.3572671749328,342.698015601245,494.4615857887638,339.0922494365605,516.9857325243834,323.62558261546263,571.293554485123,340.29171125603125,572.7697251404724
Botanical Heights,28,6299.283678844098,13.187812799852226,5856.6315291390465,9.94957868007446,5290.322147757881,36.111412624689436,3935.4263108905193,46.34350338841038,1919.7031109615968,1089.8505234734548,1115.4738489362758,1489.6538234179613,586.332541638461,1637.2698192886915,695.9101444503126,935.8717148237112,681.3663569110211,814.5735832181546,670.4313505909308,792.4037758145296,712.2166419505558,857.4894036900173,826.280854630589,730.7995288452224,761.2917837989379,828.1595801151966,783.8137636927027,798.6882242980047,898.2226452316758,733.2944866627075
Kings Oak,40,397.6568498563974,6.874470488241467,388.01351386651635,0.13307372283046853,311.8629872919217,0.08682248989548862,264.9834269612839,2.706811364658772,589.4663984358097,38.530706185951885,461.95143718545313,80.69291035076166,355.0356522504837,72.475370472582,320.23033681526647,56.488295810552444,328.79710045944154,65.33209799279572,293.58587817051614,58.80329627352701,286.62995450992844,37.92057787822679,233.9332987557493,38.74353443147108,292.1054527836099,33.88721175505192,289.6220926131347,30.34628364875124,334.5456121293184,37.12222907901431
Cheltenham,41,2084.580711548888,43.798188235856365,2254.289459735005,24.11296286484569,2108.5572268989445,24.580194042032637,1234.8764380198147,18.240669507598305,1157.848272347682,74.80899601876771,894.8248454339733,144.79544116241553,692.4593353156966,138.85190406884834,628.5609132103568,110.72062855129828,645.3708137115361,128.1341477648368,576.2153631218782,115.24226158083488,562.5549845520993,74.15913756146396,459.05505003084045,75.80116475434279,573.2767272456936,66.23629122660545,568.3272138831442,59.34319159160099,656.6896662886248,72.63471986789423
Clayton-Tamm,42,3569.6280749954076,36.90061000960115,4073.8123761965917,22.45504845697097,3698.15542703984,25.716584478281725,3786.3492771221745,40.49001317800754,2210.399709874566,56.24198375466164,1900.206561447578,149.67771910299103,1603.7641879680498,153.5440650564673,1432.4971961168874,137.96117898941625,1455.3166100382093,217.26528292238743,1411.0385517740065,223.7866677600615,1415.53657653198,199.38806547481266,1349.9787299679606,142.26632447367334,1419.0431283823377,108.74666600516896,1347.4868657857137,78.41723847721335,1418.2138000262705,74.09057382844705
Forest Park South East,39,8056.005437935243,168.35760419470978,7474.905688963369,174.27663537323477,6424.408619214243,153.3421628198777,4146.354815738836,274.2566892505275,1446.9984077015863,1230.9759225746575,1100.9363882921587,1436.5022770841429,558.8691034159488,1425.4729987997973,816.4670040743306,907.3863195073353,778.99043686151,811.2732316277564,811.3721745335423,731.9295000172898,837.9934011125575,798.2555838587336,846.1853420334903,798.4078565578643,952.945265917591,784.7738241083982,1008.9721651415133,870.0093410499384,1033.5453512617726,925.9254670541654
Hi-Pointe,44,3600.868606227099,6.304441569706401,4218.445707956002,4.587384255717006,3705.4952453596748,9.619772355397489,3516.2403509940373,15.139732995291965,2697.879402246828,22.40556702226584,2325.138518376995,118.93624584951978,2127.0517149346706,133.12714491076602,1875.195803421463,128.91108354675336,1897.2661240748107,250.59239167158435,1890.9884978826665,274.9128396124826,1913.1954300020425,274.6441147414125,1904.948345321353,172.29036843045975,1908.4767613672077,122.99511125643296,1787.5749096888376,76.97167027596413,1821.03652650642,55.589088273179
Downtown West,36,4776.1835166688,12656.861437175487,4539.376967262122,14683.79145652987,1489.1072830769133,6396.88838837339,2223.226083862299,3074.6762175791655,2164.039706820008,1200.6842040648723,1555.2830947193163,1580.8475394131801,1075.9729724648191,1702.0863687909696,2348.048766944006,2935.30592282988,1786.982728496275,2367.119422720493,2292.471604548214,2646.36210951642,2332.4492286521468,2965.8228866704717,2514.123687844939,2960.432457685571,2647.2800827522956,3014.309808024177,2609.865366377218,3202.524599194477,2663.042374204733,3256.1783253019557
Midtown,37,5115.540720125752,14617.776314002393,5209.310238345642,17020.664353635748,2744.0273761128215,5995.848583484276,3334.84993118599,3107.8519181273605,2372.1296962123038,4153.172309843835,1715.1361929097682,3338.647473903357,1752.557931147377,2171.1694515538097,2135.966752100068,2336.041230662779,2006.8175834591873,2367.627849230202,2183.08011455213,2388.8586357355553,2166.1516355847457,2384.6801198532557,2063.9668249263455,2335.306182449249,2242.7570482581214,2378.1514489767314,2122.211016597232,2405.5279479261376,2027.485369917575,2599.554578385561
Columbus Square,62,1832.2869488790056,2788.620590060272,1141.104970222966,3902.425900034641,978.7813500027404,3235.4495825430895,198.33191703239152,2245.0822138718,66.24269985076866,1029.6648536399284,82.13030943083035,1291.9299978227107,50.85964868623893,886.3337573710471,99.01526592127117,1074.5962748615666,69.11303234624233,957.5224513367295,98.4156248349483,980.1791265563631,96.41972204475258,1158.490206709811,88.30535035610168,1183.8112387517813,87.27436131134911,1242.1472370395772,103.29620682171092,1223.559242412177,88.21036913198698,1266.1879350974075
Carr Square,61,3443.6379789062084,10632.91523160652,2428.0712525622366,13767.633058012709,975.8195060269514,16826.870316493918,247.26372247709818,9131.5102927963,45.19496519321896,2942.7149086876875,75.63378062907552,2235.495402454719,40.61125136289237,1681.9929181448185,196.88688114795522,1703.850569912916,105.2326218069302,1520.8294384276778,147.0064465250055,1608.5605728523192,132.16583011302316,1857.8135307890784,135.99131611073093,1892.5619690695507,172.85487400205562,1991.961194537402,165.69355716287836,1989.8132502131057,162.93697339108272,1939.8974861238673
Wydown Skinker,45,1454.866381221189,23.112197486044543,1548.8542820005794,6.56506577581083,1316.3578072381486,6.558247200319154,1021.3307193061449,294.9071371248449,714.9306664607931,375.31967930639877,599.4866979034549,292.51210721262277,626.1077228492562,195.21595516993932,666.22151356505594,147.4398100066572,662.2874147091367,124.61830222040192,706.9281487858278,121.10553261115686,717.9607841345858,131.28512699671575,710.9234789543392,124.41430973564269,717.5919716881965,124.23029497108693,691.4110681257417,164.9947109855309,622.7498996598662,125.93651679079326
Covenant Blu-Grand Center,77,5583.962481589229,9291.470462403393,5162.6983962218155,11586.493144661361,2659.7789145666943,9610.269502774849,2185.256268637468,6486.7358278525235,1241.2329969384837,4321.0278575343,1021.5053689058575,3330.947571661481,990.1425432607564,2216.879039540427,1540.7526656776545,2180.887547770315,1151.2064666382503,2054.7261468213133,1222.4804070718528,2178.9532761490636,1113.6545215592519,2037.7803666371972,1076.0424256192077,2180.8115760559554,1096.5365082025583,2095.2266845250465,1041.5196329428272,2036.783241486416,971.7790633515759,2149.0839890535135
Central West End,38,35088.719981675975,1812.2035751606843,36677.92949782621,5017.59878417303,26329.855036950652,6390.446590448645,15287.094529053147,9504.479372354202,10036.20553566838,7237.803699631551,10012.578799942874,6539.161269575001,8873.210984254949,5918.895873980073,9782.623335792268,4478.127187474276,9912.206146575249,4248.231489705217,9821.68763326608,4331.777199379705,9702.9916220256,4460.585793703591,9604.841184404662,4469.758309875235,9431.284652577138,4987.53914753562,9872.365294536972,4884.969523366052,9477.79380111264,5365.833853937614
Old North St. Louis,63,7817.375556227687,256.0847115835954,7669.358649376099,366.95115702468115,5571.811563127359,164.9794974280241,2782.55650812716,804.6371576754078,869.5916118671313,570.8556497337914,430.6945896330332,798.0854217008938,246.2536084047805,670.3781258059053,209.9900852467537,880.937130523953,240.06044021819886,702.2940970762412,202.39177103376562,800.7693909764703,225.8845469678382,922.1657028119731,271.1155678947733,816.5738208106177,193.54149041750568,913.3483027618512,235.65863778213426,907.3449664223556,218.87534488938417,836.6981037872279
Vandeventer,58,4066.7288232281207,10162.254070425492,2223.920733641082,12687.871722880109,612.3800751144527,12362.423502996402,173.89091476472635,9271.337464094688,99.77391045315257,4919.060303257854,115.68404437566898,3459.1203370764933,116.1845156731988,2171.598305029844,177.68868975582623,1650.7740532511698,175.55648433492667,1670.291476741217,231.03904334858845,1824.629469404748,225.1133352397085,1708.673542281317,227.60751810420172,1778.6900322925285,174.98763948849563,1753.6993877173775,232.72455788330566,1760.7064502883388,193.43348675977185,1912.4438840931984
St. Louis Place,60,21397.318248210424,699.044474260001,21658.565982436652,420.392201157805,16926.917597719817,1275.7003685060802,5347.19147845911,6378.4383364129935,939.9643079595947,3565.4498652233688,425.7310798293195,3074.152381867631,237.7039966513885,2238.435662017042,183.35785001950677,2076.7477328608275,210.4620403637455,1996.090407461762,176.7145152990162,2057.2299197165885,229.41984339479987,2003.4440879150213,236.53830273051577,2097.442706700009,188.2579789228229,1982.3674983690648,220.2002736885913,1967.83937180178,210.91273207254542,1758.376755403073
Visitation Park,49,3228.539347564364,20.75989584742092,3605.4839413427435,29.42168124214621,777.8833435077222,2937.006520201371,86.4713518475595,2459.2328352631307,80.39821554468192,1971.687769716891,21.15767888181947,1441.0993350785907,19.22439670642005,984.8189465282849,27.363607333778543,872.272355838553,58.82129969861901,731.2062845946729,67.6416843333895,747.4776440237003,83.24410777998933,794.2685822344573,88.3527558156381,821.5744103150798,45.51172999761887,887.1273012342186,41.04419627288799,849.7187305117477,32.34873039690445,830.7297760444368
Lewis Place,54,6558.454429176664,2608.9040029671883,2245.6589172579575,7478.813552055816,512.6734134105031,7577.105008934801,98.58315190637646,6154.048275824792,44.46751928456289,3950.3386358889975,40.89445574321137,3141.3434346387085,36.19031552275753,2149.114995111919,69.29866274133818,1652.3040399204858,41.3030069156353,1785.5957298280948,54.98568133933391,1866.4432752266403,56.822710690895505,1695.9013176688243,72.00865879608018,1677.2413515236817,62.28030977830362,1437.143967593818,76.42728955394409,1311.309383610295,83.95767946352852,1310.31519986186
Fountain Park,53,6433.682218823186,70.06376983764703,2686.4745075389087,4261.893348225626,536.2719613353286,5190.536432321441,106.06714016165014,4444.787163487957,25.36414598942834,3153.5149988024905,20.535965563922023,2583.0035172460634,27.293296207842634,1957.5438717588765,17.13553013527527,1601.9554587245011,6.540968579421109,1728.0871095892821,5.775167582902793,1766.5275173229181,6.738762686828204,1691.7676379413701,19.827049610171358,1698.1649826582914,15.893353829251433,1400.7491990465173,21.999936479762678,1263.617472492719,39.82907084266399,1255.2132870075484
Jeff Vanderlou,59,19968.830550968407,16141.68651492997,15863.047823627634,24157.10049069237,5319.442711647165,29392.053681160305,1001.1155523866186,22527.629251386526,202.50753602474757,13453.28499030669,137.82083747615115,10537.56951651071,114.3112893539941,7111.194693775502,185.78853714311737,6185.962154209261,126.36129554834609,5504.241072955294,137.73606009254712,5557.322018381112,114.55392231607381,5484.467503785679,116.22414532255897,6000.092249936952,150.3490171721339,5544.860015370618,168.99013410288822,5297.879543805907,190.02834999149914,5198.895558314347
The Ville,57,1942.2251449296587,9651.411703299278,1185.1812442422743,10682.021685016029,96.92823261855303,10182.564813737725,66.15256908220653,7301.86363725681,18.72137827827885,4450.470456770861,15.19627496363495,3456.142299525383,13.643221343184821,2442.1889350425745,15.247788259167603,1732.9812368232062,2.5511451349896817,1851.7928441829122,2.106129648759295,1762.653130667865,4.1106299859317375,1497.60161583298,4.483641455167837,1428.2860303279263,5.616733558999324,1526.8789969894385,5.617057087875305,1522.3995251637414,6.352702286673979,1460.3143355228644
Academy,51,11615.616497427214,62.409226895274,12006.63414836191,578.3597077973424,2305.808963603193,9429.130371239853,454.97351694605567,8594.193118264817,411.16109494656615,5905.453192408262,69.4819775109336,4510.37120660215,75.32678724292435,3231.5738324725003,67.13247481891628,2491.3791203237924,108.7129543215477,2469.0318991407416,103.64838175318653,2736.3310421006563,140.02135944243048,2755.095404692008,176.29525120331382,2540.1215607336253,128.40441015288798,2500.4109748518467,151.72107981073464,2434.373192433166,143.21208464214678,2175.8308225181877
Hyde Park,65,9108.364431602875,49.71951049864505,8864.919090354368,27.669052741986942,6955.017433825771,17.758536295415254,4421.044411038792,793.1167444191161,1248.0174023091502,2000.236859346255,771.955694474912,2129.2727264797227,368.7959090147869,1724.7961069997011,208.7009353640689,1360.6243044001344,226.25835208203506,1562.8984078954957,228.7762511742561,1549.5066963128822,396.83879202383946,1419.0288359189055,302.1063981294704,1529.4727739288232,301.5849851318475,1234.0397271554457,292.32565083659426,1372.7921214922894,289.37348431086787,1313.71240482425
West End,48,20705.888709187508,339.6795309573353,22578.664250715578,337.9339715646514,10412.451366153557,11978.640708643257,1321.0009565961514,15428.334382184375,712.6651242026421,11212.255993552844,642.1677431166474,8716.102110251928,586.2783326676006,6275.292210003677,861.3196406307167,5646.332466856993,1262.8505465409833,5198.17626196242,1254.5073775524086,5370.221884599385,1166.374264372736,5690.758228628781,1123.2460011741769,5851.5701204780735,1021.6885255571704,5707.803670883484,1067.0479869563203,5644.857173107115,1228.9767304970235,5720.166216611671
Greater Ville,56,17150.369443948428,5245.085640761594,12812.547023325125,9635.700848596278,3029.561579182945,18569.794501718352,377.7748704337363,17853.290576584837,131.09778352267318,12640.878571681586,73.45375012441026,10056.961282452396,55.978761745207095,7108.281213426869,87.27486062530075,5471.070822214287,29.099121309934045,5811.464520951038,29.241815227515048,5741.980652488262,23.11644222424133,5373.374156250092,106.34120272626502,4885.452692250022,101.18548865458699,4679.168886563932,104.53832230660281,4659.498561826008,113.26222026330302,4583.788756714696
Fairground Neighborhood,67,7216.547093649724,13.312015803368435,7241.071003116252,6.666023975727366,6338.913575812267,14.30562049673468,2403.5623847224965,3995.3992571683034,245.85444594006287,4096.231103266042,103.26610286249655,3049.6819947574036,25.72644093394796,2124.4370107442614,34.618847832507534,1602.008996552016,71.38557405423421,1565.8346010177506,60.112394640888404,1521.8539049666565,63.683644421134694,1612.9183510747955,11.846224066741305,1581.0633678285121,16.042075732400935,1073.8907415797134,24.379402290705247,1100.7348787813125,41.809749972476155,1120.486062816063
Hamilton Heights,78,14134.34379224897,38.28596578081958,12989.518582342856,384.208788487091,2382.3759297795627,11266.319543649868,275.3733037358874,11874.764722742582,57.16382560134367,7338.848085265615,36.90677707304666,5327.4222642847935,25.67500433087581,3780.504211733937,31.456283432623493,2980.9873233330695,5.0696540240275345,2757.939106414844,4.801526680887957,2506.119173982133,4.534922849597169,2677.74157615178,6.270636136589141,2405.7442782443,18.22873547940766,2281.548383517817,46.20382465721124,2386.080453541556,49.520468256628334,2341.290995669096
Kingsway East,55,8234.806493780181,5.013930199984948,6414.2641239049635,2346.9271230469735,777.5883406703908,7597.125559689471,203.70964838218893,7282.493120776469,53.02927160378087,5849.606462834567,20.676099511260716,5041.763349063832,16.21327328392548,4268.950025842859,51.035745337736714,3424.3031579939025,15.822209269736529,3458.0374214808326,23.49974755021743,3304.2379650108824,35.15773256232969,3010.135486049677,34.07788764965771,3028.390703731399,3.4025240165958555,2956.0862493296017,3.3209438116765266,3099.655290620864,3.3096248976917817,3196.2788888280843
Kingsway West,52,7717.734910157367,105.63148032117635,7606.6305148293895,129.47098921769427,1916.887134025461,5418.941099668677,257.2135938499276,6417.882319162772,56.393788906276185,4861.506990335122,35.865430485215995,4147.762325869909,37.518565509419616,3215.348034323704,63.922277551371174,2723.25586531679,102.1720111707918,2688.8807054082704,85.62036206849369,2582.5522352655867,68.83221560199212,2588.311662542187,62.102522423905654,2721.8039126547533,76.81269624048997,2541.356066726369,73.63937245286523,2277.0486626790535,72.6426794379544,2324.11875913248
Patch,2,6772.445810485071,149.84440955236983,6405.198491447416,126.65770931317476,5604.186796884988,97.94303290701193,4478.9902980083025,78.66420744994909,4608.608969043917,78.17267818414689,4033.6184471196634,135.99682763323014,3011.1821621950344,437.637474958638,2232.2910209642387,1019.5522880922977,2588.4375460603724,749.3177440629156,2556.033133691062,784.5401813859953,2564.4920679233883,832.7349282803814,2503.774583208602,1124.9708823126355,2454.578646021063,1370.6678349043177,2224.3772261128042,1558.720364781433,2317.330665001671,1451.2734733293685
Carondelet,1,15571.050341133896,490.60248659647874,15856.603050536687,457.2880933813552,14648.684644979461,340.38806890452673,12294.991927878107,284.3330195009414,9612.137038894898,243.17516216167394,8497.140556417631,379.71322892601637,6114.517026095549,1704.6250151070024,4591.553024687687,2681.0736292413508,5192.598155158417,2123.9081913445953,5146.488095586991,2210.9628340931504,5112.768980849359,2174.5957543989775,4978.7074953458405,2611.8155979942476,4945.708368130575,3126.743295859896,4482.617786972154,3397.849080573412,4452.911335982436,3529.542996318519
Holly Hills,3,5080.176666236449,3.4614467499026973,5235.961352682864,1.4393112865473452,4831.1953343425885,0.5665502623969335,4699.4555994534385,9.201581889417304e-4,4046.57294755028,7.174801737560599e-4,3513.2936500742217,11.835136791725025,3306.778263432718,154.2901276342784,2946.2342305453403,351.01357151049194,3012.5926347439613,184.1932487153565,2817.4056991913076,238.5496205731052,2854.0988264100106,261.5755290226166,2857.5503505580687,308.4944360317821,2676.3891075120855,428.2709251702964,2653.8096049485357,528.2719304807526,2735.290110097675,471.4477732970408
Boulevard Heights,4,5804.168761523642,1.595088657210049,5897.091440477409,2.1810960554092023,12224.649407317638,1.01613779375783,12627.516629189877,0.0018528909205235973,10525.758735503772,0.00468672409308947,9559.438893659988,18.56530021909316,8492.560070609612,125.0664821180054,7772.44341318549,299.4371971996931,7903.454289556848,219.24643434467168,8021.3886921017975,244.66719082750126,7884.700701546258,313.9183839897657,8129.261321529899,395.55601137059557,8006.325593796697,321.9123544819878,7737.202053002568,468.2578292563196,7886.347786235319,523.3106222092074
Mount Pleasant,17,6748.524811566537,197.8785181491899,6763.838609590468,242.50776818581974,6437.385820488328,220.38255847893075,5190.568937542261,0,4982.288830515005,22.952183637959422,4750.04625240702,169.5389948550205,2912.5114828893616,1348.520206630146,1976.1219233937918,1935.8761951734784,1948.7466823559987,2087.0345971369857,2265.6297544894437,2325.890916500986,1899.3693824961701,2063.0237661844767,2191.6766669123,1602.4473703504914,1779.7038335078407,1903.7463973793256,1779.6409221304239,1840.5636061794128,1608.5561251582117,1725.7265523042781
Princeton Heights,6,7729.911260758745,0.4795982132786969,8599.353597473668,1.9168594331343785,9566.181342959506,5.395960573308348,8921.557159640468,0.2404794104410856,7688.201459007754,0.20053492031488643,6935.327859241522,13.84635630905643,6777.788014405656,146.86748341251393,6238.906411152032,360.1178838278282,6346.423857571114,369.10165287045595,6511.821664648186,307.3361841675063,6693.137771136432,334.1096177251177,6439.849745465043,523.467444784969,6470.527879008923,452.1357569759441,6215.4312694405035,437.4337934733768,6045.580314560885,505.3189885267263
St. Louis Hills,8,8577.446682313788,10.951583367219055,11389.688282151184,4.030334845250596,12645.079898452592,5.663928848235138,11774.551851987428,7.777888654369127e-5,10202.591688101917,11.122470708911548,9318.256463921118,44.99336477496116,8913.521668328982,292.7224024701009,7590.475303267028,290.8636426923644,7875.228350557549,249.55946371347068,7898.016140947273,261.5525534256805,8044.969693078001,308.2047233343819,7768.614638535566,377.81337950627807,7706.730124296074,332.83919711930076,7669.9136060719275,297.21748476865423,7656.455004357804,281.87735440925155
Dutchtown,16,24475.315011366572,46.78547859663586,24972.96809703646,31.517706332104037,23010.947533827308,16.213569751438087,21095.823140383738,35.448344924193414,18114.305340281106,100.5240820417119,14976.618876513732,1189.695346197176,8775.630017058897,6103.043664661851,6009.872817636258,7249.945463676755,6690.707075560681,7488.79600599837,6231.756559208683,7293.508089645413,6988.11843831121,7164.902105013987,7122.366358205716,7796.2164143183045,7415.304956850963,7563.262871588449,6463.367462779925,7984.654958659583,6517.310975121003,8224.37953121609
Bevo Mill,5,15215.987971520422,5.636400927808703,14939.56944324706,7.0618510186741075,14075.458571258374,8.551163491361276,13775.277695824208,17.6647787124828,11901.236826857961,38.904504320582824,10988.642275667507,298.3954838738719,9636.269044599474,1390.4625847841085,8289.433272846856,1792.5766681305374,8424.217191687223,1640.6741252125498,8323.311308916393,1599.8501032425809,8337.541802663905,1697.0858703766892,8580.930141805124,1786.6159996773365,8340.204901147925,2051.114897315325,8191.35968427313,2218.606860354934,8444.87311867139,2268.9743099486627
Southampton,7,9617.171089019459,5.246214692271763,10314.619779295095,4.240663876827856,9929.433975070311,2.609609998165752,9383.025519127908,9.949354445935656,8076.797034484206,1.435264852035425,7323.482339887055,19.45710699731276,7189.8026259656435,213.1727839376423,6250.36527619866,602.2971885587561,6179.924457682756,562.9459146010374,5800.610466415087,705.2369169233915,5856.465062696927,803.2786242311769,5985.047917981176,538.4247415102603,6037.85879954744,465.74790665923564,5973.739521374595,601.9792600975383,5840.4411245108895,410.64558463568846
Marine Villa,18,8718.200982801622,20.666339437301495,8994.212272571682,21.13564150114264,7732.511063647575,17.39237495459923,5831.987774331289,7.176601926429077,3727.6833012207885,91.79882794158969,2939.547918407205,451.3300257969675,1494.3339520138045,1292.7700719689096,1225.4051667005103,1289.6797451116854,1385.7270286341056,1199.8625410250868,1243.9499150265772,1228.80517245148,1240.9456205140505,1271.5074003651816,1393.3558274183788,1208.3413758554914,1407.5790467928878,1186.5552307135745,1343.2268080620315,1212.6490218983581,1333.0712907064435,1290.7731174975404
Gravois Park,19,10664.17405116282,8.952357559435866,10278.843511227262,3.314098120407688,9199.05817460237,7.1107438252681,7578.333295482066,20.00084146627793,6375.66668088919,29.826870147493185,5121.536672415562,642.6468557112021,1823.94577810116,3360.0145220941636,1246.8395404212292,3464.6643822882,1441.6347263084283,3813.610891743751,1294.6255529194748,3566.447187930559,1406.9370199323298,3707.9269010031703,1465.02751885436,3827.3321915068236,1576.3304594223243,3380.5789298707887,1591.9343007569537,3627.031076499512,1642.9645364903486,3126.0220009371815
North Hampton,14,7768.797226639182,168.8327945577573,10382.046709219594,229.77011627397835,11720.250013576762,256.8780558500515,9801.867060760549,180.9305530525508,8233.745495053696,145.70494385383336,7489.5785373224635,130.37742718200826,6760.256690503943,488.39485686255205,6013.180708005546,1057.7773209877628,6075.801612239567,1018.4132600887777,6059.71540002924,1170.13110908041,5942.102106944333,1243.8038965027968,5643.900213198523,1286.2241118620896,5919.281685977482,1217.5278651375982,6054.150438047898,1180.6892475270704,5813.914135080001,1059.7265571534444
Benton Park West,30,10202.853332430783,9.960691084944969,9852.627301898741,3.726728176748921,8916.639072170425,4.842011178185591,7099.914329222604,39.298843133717035,5772.319369988568,42.40901203206176,4276.93395501297,1132.406067058215,1706.763346136106,3198.40393086562,1325.502659102493,2524.3509649835537,1700.074029135937,2548.924105370337,1643.4041499678854,2335.1004130284414,1418.0821805904125,2636.6585017577972,1433.8431213029614,2545.7955571781117,1410.9921137163446,2632.712983591223,1424.3771382695475,2799.698335471252,1596.3005066686628,2769.993010874629
Tower Grove South,15,22301.830134728356,16.476100619075684,23087.044930562268,16.97524828703359,21450.734427233037,17.339905033274174,19408.2109921335,4.577801680979155,16488.48037177694,41.02488774223834,13982.162885428974,811.0374403002778,8880.67136867288,4519.488710152716,7681.077897855298,4223.888837851956,7393.876837417688,5032.374329650803,7448.420647857569,4889.383905143405,7558.077119349915,4380.049800182763,8036.676591757892,4283.692953045941,8366.037392036284,3890.8157075668896,8586.388687949648,3618.316713991775,8759.744109453668,3140.067295235641
Lindenwood Park,9,9857.770303578707,3.4711053684745368,13484.29883431739,3.7247150864325187,14684.436294629737,2.5180483626369767,13211.02530847672,1.5851270550402148,11208.954960218229,17.93827108937371,10378.419262612415,40.74998846140335,9797.847967813737,263.8665468183884,8662.464414283773,452.4836747615534,8838.010245103174,453.7032330874824,8492.398957444495,443.73987224111113,8349.938945943733,578.8294231561359,8259.42556233826,712.5292456926002,8366.704932651644,769.9471586599041,8403.959132941167,622.2039114837014,8384.164941525878,569.0026926118138
Benton Park,22,12097.593779820545,4.34752668066898,12381.731281178216,4.814355254866462,11018.14256569879,1.1248099722075724,7737.290705959351,5.403506050741443,5122.244112925264,27.43090340465108,3710.267922686757,792.108763097008,2135.7558837161864,1622.8203400303726,2151.399259019059,950.7416178796357,2159.942189063708,989.5930058348924,2080.102793481797,1087.1013520019733,2169.3730904746903,925.8101873711942,2437.6047588193096,810.9014100745597,2391.725423555497,859.9824849977043,2450.555799145153,939.1177053173444,2383.120584616798,874.8505713328852
Tower Grove East,25,11356.664893792833,35.668558053129786,11037.682616035898,24.325614229912855,10130.328025852874,19.12375898613812,8765.353772409118,22.882463241156298,7038.748904157634,140.66542496356857,5284.70047657256,1446.627515571374,2699.538796788283,3231.5716776430536,2464.2273147562387,2481.986030360956,2532.4657884176654,2708.6933759406556,2640.467080740935,2350.1502363269615,2783.6256062724774,2343.4499587703863,2790.1954135559085,2320.474031523425,2929.7406806561785,2271.1354015918246,3025.109151392468,2554.513815987469,3153.942802957933,2486.3650627711722
McKinley Heights,23,5970.166596092439,5.430994591846447,6226.951117836436,2.461070141715002,5077.275247495497,153.22952608564216,2752.142183660719,240.79925301224688,1589.4037389124192,242.03987521667543,1154.27171499232,520.7805902064594,793.3172366036305,665.1664503712448,864.2064084926997,443.94632299154074,805.2945713260558,475.6169573928901,825.0151141976228,497.33952470951186,893.6115572158313,445.5157401848114,960.8101069674824,425.102693438994,982.1399987909509,424.4748598690246,1022.1181438379482,472.15963112403523,1048.6553452368237,462.62349299368486
Soulard,21,16385.88975980705,122.87449898062386,17042.498559337222,109.74144777515912,12157.874195832608,117.23720939564886,6010.675433889643,96.24623027184371,3151.81628391744,168.16598233629693,2861.8808114157473,752.6248655912497,2117.528040889881,1157.8446043987644,1322.216318969171,652.971712293081,1334.2919726325988,598.0996830687347,1372.1083082659702,649.3377899657248,1418.9646868524042,608.8638884078549,1447.5737168076125,608.9781336889217,1426.442383570908,619.1766857657476,1352.900709246887,670.6894538644551,1341.8832992320886,676.4915202237772
Fox Park,24,8662.370719493472,9.754485405317238,8944.200093214095,6.014394245010726,7813.799510867552,2.068605055565768,4658.640045600765,943.8470714105832,2652.0370508147744,463.92231489877526,1600.7381155158282,1445.1659508922137,805.0021682633115,1918.9740097082047,696.6859234706228,1564.525349393549,688.4689344269005,1716.9537630987,759.3940227239189,1651.7237302771102,661.6112128505102,1722.02130034341,708.7784818094847,1727.7732566879995,716.2681683624601,1809.4053619512395,798.4910209909051,1753.2578737674448,876.9240447629435,1535.8901716326413
Compton Heights,26,5602.652814220857,19.891711091416447,5801.251330531645,16.53978736796034,5313.830045229958,11.203903513331909,3724.6256899675122,671.5963663424099,2227.328187418666,855.2833712920816,1673.2249645961915,1066.375366976766,1149.2653248427923,1374.4153342398895,999.6828001665101,927.360251751976,865.1880549009155,999.6215949054541,886.4295984690976,983.1287775001902,954.0177712995819,893.2354268490534,1038.0238129688732,702.5234512558878,1112.8837576297137,772.5604802791875,1215.1706031951912,806.5679084093091,1239.6165650986354,831.00308746550445
Kosciusko,20,13094.55576084886,1417.1761121284735,12163.882471407635,1136.5745873954963,6762.523110448232,659.5887180591267,1372.588092894279,1206.6138511483389,1021.6971801697969,1121.7868541662137,965.2778419505701,763.5872701967542,533.1456642116918,792.5271660301337,1824.7953813630868,987.078214445791,1867.6597530443023,841.43746654452,1938.3026156205635,936.220034589056,1944.3251815154563,958.7617701504247,1941.956472195735,938.0048790581193,1899.365038613955,919.0517349372125,1725.5458655319085,972.9237573096729,1651.6981261678889,1028.9046555582888
Shaw,27,15609.447967997588,27.980038671296164,16034.86669501608,25.246746598775438,14747.879277786224,14.007187616461508,11457.957949739977,410.29505747176637,6284.785573805906,2522.3221294997684,3832.4547348612978,3990.6552033864937,2417.2040832280873,4668.559509498716,2840.772177797606,2728.729264139881,2845.1219155866925,2707.640004782716,2797.807547589846,2745.2658823110755,3058.3269980792797,2600.8564492733226,3386.643233938842,2100.8097552438667,3087.415994211125,2580.6492935747588,3169.0018345214135,2322.4287997181577,3509.1821833269146,2105.4932372489316
Southwest Garden,13,10826.341743704941,365.6623522731138,10921.496901669794,488.66376670234007,10834.461459916292,553.2258025217943,7925.615141026635,381.48785019730497,5731.305299566231,542.3838819515611,4844.615464951903,772.6016160354698,3734.244178199292,1003.2886895770005,3516.409489398893,777.1666874067406,3547.8542242865706,651.5524586149821,3632.6253349816957,383.95341051799403,3507.0954284112045,464.9053844014559,3440.7668657125096,842.3078425655244,3557.850352566083,888.6929204784384,3696.2462297483257,973.0931685823716,3508.73603372112,1083.9865923740244
Clifton Heights,11,3836.7536539802854,1.1566793845915302,4028.79206029315,1.9407674890308484,4041.7805586628174,0.4542576360033613,3423.917030933656,6.378402860964532,2862.6369740997816,3.786124786657195,2622.2713728401473,13.963335993747378,2453.5191390367286,91.68014680571153,2090.3624190952455,106.90837234240344,1948.7203910366206,106.66893929361649,1942.0450965401446,121.6993795155162,1987.250558717386,106.06852283455115,2002.921785931654,86.70735113117229,2006.7267697225093,102.26574621884852,2064.1501229873684,104.1260817235494,2021.5597511649692,85.43935727327445
LaSalle Park,34,6354.077333991754,121.89081327675044,7027.73433823596,131.16454194037146,4494.67963771054,462.8762165424639,1654.2152443401849,1668.0125928155778,604.2303641691502,1486.577518960129,598.673233720822,949.7487275350447,537.8299139499046,799.3619579590069,293.50227656292486,400.0244684671163,261.5577718453727,389.6175345809999,278.11815400597,439.5951120483435,288.0284873500347,450.2874338701857,330.85019788515046,436.5426230246182,354.21468089402987,408.3708410451494,349.3078352673173,434.89642954833425,284.8804735521527,461.9763100368264
Peabody Darst Webbe,33,5236.168488627221,79.36001280592572,6032.651057364377,94.3372111780129,4015.6815650717613,510.1630943047401,1316.249737251404,1618.445140984695,565.7814482123039,1451.196253896917,466.398725354819,898.811945457143,362.0476421126332,746.9346596520401,406.7310619247335,465.54134882643166,359.86107298344734,461.72397739184294,360.2815263687239,499.8034536104615,373.5195194709114,526.893321297579,430.0160526183013,481.22641266294585,471.0918008726701,445.93500140963687,514.1567597087837,475.01545161190126,498.0536801305515,504.25588583290994
Lafayette Square,32,7335.283266199617,1278.7696129125004,8076.936732938532,1717.3622047284214,5436.766834928443,1419.7851351173056,1927.7132562938443,1854.5754642138645,1072.3723663347707,1335.1986265809337,938.1448486261928,1133.645943509017,684.7976456076913,1049.8065561021274,757.8470514216285,761.0826024441982,678.5512344901988,756.66252251795,676.9691585716115,809.0243883628826,698.8107393566195,858.0651365840064,789.3743804531555,771.3512272298226,856.5856223504371,714.3627833611419,938.4266486532566,760.0211766932246,937.3888349579787,805.1792886289867
Ellendale,10,3739.4517994986772,8.506937711622125,4393.754479608332,5.842919122836082,4648.638429318366,1.3595386435361259,3988.360342159191,12.924361219529501,3020.4022825867974,18.54659677917765,2365.5969017830075,55.02880627960761,1881.9025462457537,179.2719461002,2445.537305092004,246.6635556652452,2267.069984996706,356.5712440204429,2277.9322382940145,253.7307483912237,2343.1271375810347,311.15588746473276,2363.3672210621653,208.10972470896854,2394.189339362559,140.9480528244809,2324.617311844461,150.18699191936346,2422.3787460997096,143.225692802383
The Hill,12,6624.1428743904935,34.16630815687128,6312.454712819622,40.478180398231906,6272.368962915599,8.69423038572291,5144.1454770760565,9.4294055414228,4011.029267452349,15.581332706667487,3506.8533515828435,42.47333201842176,3195.547257065356,112.6915031803638,2791.371987890785,114.46745298871882,2549.214548758698,161.20300996792972,2641.4635833546827,97.56592694413749,2723.7096926082654,67.44493738167354,2708.5824841119397,34.704096144320836,2724.346733296951,66.52992853432409,2722.8966341889295,56.70779964579888,2900.181217751996,70.42455447197074
The Gate District,31,11568.222080536172,3423.8137557329674,11323.638478069794,4427.206213980824,8927.759903673961,3431.995781334924,4286.6403295509635,4353.539421077219,1993.4828017426605,2633.772034005781,1404.7998090647125,2625.6143582372165,964.9765934058518,2711.6061076647843,934.983673499855,2264.4076837549533,854.2514713706665,2170.899113046645,1010.9896871482679,2089.149702550829,1020.300393274278,2206.0682863165753,1116.28853926476,2079.0861165745628,1138.2980472551108,2137.1811470953267,1153.8026972006055,2234.456518958347,1173.3097777276244,2147.947460007012
College Hill,66,4627.30339128135,65.32955878326452,4262.657193381887,35.637336172414706,3564.782346506576,7.570774177288002,2136.674841269489,803.5117031214503,381.76994415578,1838.8727754674233,166.30572164186492,1660.0178334142417,52.74662406881332,1115.7149604356805,33.4252896083352,669.295819356284,46.806567718800224,664.8566057477943,37.50131921871618,737.7175811747959,63.0702508075157,733.9977618839275,70.91521739848096,604.4233183303018,79.64330116543164,568.1271438224536,75.0071920570855,641.4844197653935,99.99041724329963,566.8560730436874
O'Fallon,68,11830.999883341681,299.55084785932974,11053.796178997929,401.24152702654806,9128.437966971851,1938.689876107529,764.0278849133801,10905.425781372758,161.0239771087827,7337.192136616661,101.72790631390349,6031.651363093212,59.42202433924798,4879.888967455285,51.13181583330785,3731.8533025485135,38.49190749862452,4357.9516891169815,31.227381830214885,4125.187737484512,29.590383080969612,3728.827527203548,23.55155670161142,3640.6808715667057,25.655681527884454,3385.2384532946685,25.527606734358958,3006.1882700401216,22.340190847569747,3182.762695995131
Penrose,69,12931.324871153874,14.750157136402741,12441.447581498343,276.8006395785973,7345.4939928137655,4931.700886391496,813.8446779091263,11424.978138216738,175.4746152356204,9651.719086957095,90.30077062230038,8074.9352888136655,59.442159127531646,6905.645584510165,31.976893687516753,3451.463140784621,52.96688814224149,3749.200739062673,48.90494015090524,3528.10842891927,40.76867888340168,3616.8046746780874,68.82768712470207,3376.6211005817677,70.59965349513209,3243.4130966855932,56.79259882188759,3117.716081106342,62.35871641255385,3128.863864309293
Near North Riverfront,64,23267.36981325034,617.1277357885136,22714.16779108331,924.1599868460755,16359.756887699546,251.0900393793281,10800.029153596948,1561.1164010461566,3809.9540888271586,5943.939447102138,1983.4702308533133,6610.994548166332,892.9777529842634,4970.43875443148,589.9525804667715,4199.082428351329,675.3657118682933,4257.2058315898275,651.363137391723,4464.172723060183,783.5517365481795,4449.836386579442,802.4590385507379,4089.166401151192,755.0651341294755,3954.231833707309,803.7498426823945,4146.391298638381,744.1544420498255,3947.968447852375
Wells Goodfellow,50,22235.586394657796,135.33948223678462,22191.47848197019,132.96416802171206,7236.5820620853965,14300.225456392709,669.7011578504558,20792.73383129017,151.45781564343403,14094.519198625467,108.3241182280951,11535.199524603831,80.07809868043368,8560.045104299043,94.77687326621913,6244.769904998199,137.83727666395538,6101.499894380168,122.71517084353547,6054.3331256439105,112.79933840059348,5486.276801795281,71.74903031246659,5793.474019508788,97.71602406987023,5698.337546085022,96.8808578044364,4972.092445511439,84.92296846015218,4995.281025908179
Mark Twain,71,9322.085093817066,9.00098299828097,9308.085838670291,7.395995173043382,7551.180028030696,164.4641782254915,3191.106127809418,4969.674893846907,255.86660068776823,8166.253565684514,96.15141645152404,6928.555796182392,60.22751364557424,5038.52325203937,42.51953908559751,4299.4568329329395,16.178031411520436,4769.758821392086,15.825327722849938,4668.44470308558,29.456030140458566,4443.139300040748,24.45615512425032,4036.58645238594,60.80321912175828,3969.5117978480134,61.10425706617981,3631.995232972815,70.84323256332786,3379.7346195855675
Mark Twain I-70 Industrial,70,2371.131442308897,3.654292713359764,1988.7963977826532,3.1581725305440655,1743.7938797396084,11.374655026799637,437.32189852948113,939.0804985846713,69.1114074446346,1184.1112201020737,61.639102918904875,1932.4952049637056,326.41441038216544,1296.4494866193313,39.01148355346484,3657.755454000018,123.59699363525874,3942.2137336970145,115.93072953573493,3444.395133858562,80.25973583243187,3698.17553353829,116.0606645569975,3321.9067621647882,110.2143521593455,3241.8532930621272,52.337766275563965,3062.1514889465366,64.12575359629692,3257.8359201560907
Walnut Park East,72,8816.206578022398,1.9183373403120574,9260.318123868685,5.3663179762250595,8202.389588349337,3.0182437174985677,7028.833314453948,1157.7178477240086,689.2127908338366,8128.705535568976,200.70373294379118,6810.808127907529,77.75442598794952,5139.351435489394,52.81145355113079,3986.6105503653152,43.49507358731956,3271.1195035468127,37.41018342626096,3557.1448535979966,28.272863854207763,3590.9175684296724,55.35080021602168,3828.289481325642,37.38777456768887,4056.0027062081026,33.111322755127674,4179.158665819021,33.23027860541955,3606.3759380520364
Walnut Park West,76,4064.405848989488,2.0633171521543954,4750.1408621800365,1.8403293632870503,4868.036659542429,4.145781061160029,3653.931097197326,926.5224588461214,476.0286722745748,5822.952937126039,143.8125672401809,4813.273097588673,44.35840718647965,4126.162749272629,38.085813866489396,3426.7135680322303,55.29440626937313,3709.709081804114,36.487266457824134,3454.7115224412078,25.258231902938526,3412.0262036207578,45.56991788087075,3384.221134107939,50.48264844023736,3216.287011306074,38.56662514688795,3122.8100653391493,34.995310648583555,3407.420743229524
North Pointe,73,4046.2929929556876,1.6479452908717493,5005.427168306027,2.310421854261754,5136.919620938683,1.8643899731120508,4272.088071473786,429.9735772750362,1669.2539822989015,3986.173293695962,864.9727824603028,4107.1010895217005,243.42617482045594,4288.251709870483,116.75155414124092,3849.1131284086355,136.49427224840633,3856.960914288128,130.15074958509987,3591.907140795536,118.95443852737758,3580.7287402147813,107.75330200628834,3560.401115951065,101.24470500025667,3589.0346105563135,79.58991797238956,3546.1748937490706,82.72476068396487,3708.0294850897303
North Riverfront,79,3628.1522223668835,175.26812952992643,3411.5904267118485,153.27671718970785,3011.0574093566147,103.77747529673877,1704.1435785327865,1494.9280716318133,1055.2149365274718,3670.0502902523745,697.5207102870521,3599.0184814914082,377.03889094840673,3798.3421428719785,195.33157832724783,3019.0492090734297,256.37383096288875,3803.532520703991,211.83884344046913,3571.7808149844786,216.92357236065698,3165.1557720441947,229.076296997952,3203.8096971557256,189.0739653642503,2846.014307630465,210.00191599983714,2630.351168681838,231.4819396668938,2561.0617658231636
Baden,74,5662.243072165337,24.965973537959126,7672.300708102954,36.74159391704222,7856.940842364033,24.438888109073098,6807.832027607969,118.89702968060553,3907.255813971484,3206.2540012532563,2192.2088579390816,4668.454439227018,620.4379239158192,6157.6152849351665,298.5055637987186,5632.547304466184,226.68873300373144,5674.380440079885,234.05550198737274,5418.0970279762105,298.9327268753641,5293.652819483419,284.00542955339625,4963.372789931924,259.65288898533095,5142.173012851265,253.6997718040431,5176.085573831887,284.51744880081594,5218.07972277106
Riverview,75,678.8389749823875,12.449042691154895,745.6511299887613,5.1323086626561745,822.635759928604,1.46637390361605,763.980803783962,0,749.3170647478165,233.1534506749566,482.95283849928455,292.3901221034825,211.48653992363577,535.6683294951605,127.76680790611775,720.1069087430762,158.88479837035845,891.438903299131,133.2582179880426,786.0038297261742,138.0174400590441,677.6400041095242,146.80369619012382,687.8906362624506,111.29257766034326,636.6374754978189,116.05179973134477,604.7872970226548,135.4547820208125,520.5856757664741
DeBaliviere Place,47,4861.183438468262,117.09469978066255,5139.030947250003,82.65045074871088,4457.331882632441,93.27713281561178,1949.965436049873,2165.899985466349,1078.2326489713475,1311.7605440096645,1521.888286162223,1200.520134351841,1377.6355692391335,915.154432645803,1500.2897901876713,715.8073574101144,1536.7044379483355,645.6267829578136,1471.273562843717,779.8046685596058,1471.5742796181153,851.9719820212891,1367.0490210393846,832.9025963992824,1557.8213918499223,837.8623637504703,1666.3809952132299,730.8099645888207,1523.973191073499,778.6337607856343
Skinker DeBaliviere,46,8870.66289907634,120.01047744238494,8859.424691567816,60.69804141957462,7619.18141181087,56.95736571277646,2851.244127865345,4907.936895296381,1785.5822208061713,2990.691471534064,2180.2025797816823,2455.24815332727,2084.783000667255,1910.7872696378286,2190.413348648434,1506.186674018326,2123.8962887892817,1375.4216149976787,2293.733926634771,1538.2951292662476,2425.716090125769,1554.4279950852424,2457.6215760372997,1697.2816799737702,2538.3310529625655,1502.0404399651568,2417.0754659689665,1629.0358758841494,2193.0577622902074,1586.6748156660105
Downtown,35,5054.044105365178,918.4969696778415,4402.278195574841,1092.9627588836152,2352.381686275669,761.8870159957456,1469.3391023866375,604.675478478488,923.53065513167,197.02160981245186,795.6106708640256,510.13909126636094,544.6090534916216,685.5549525886069,2158.097982640551,2318.4818029583653,1643.373232381578,1697.2282251790277,1973.1385262154581,2196.0775949354083,2202.4503487366073,2452.3777258035275,2188.4473701759784,2253.6770332156807,2143.705743954224,2635.138141928285,2343.766161863957,2773.5983228889086,2263.7051168501253,2809.7975086574565
